{
	"description": "项目配置文件。",
	"setting": {
		"urlCheck": true,
		"es6": false,
		"postcss": true,
		"minified": true,
		"newFeature": true
	},
	"miniprogramRoot": "./dist/",
	"compileType": "miniprogram",
	"appid": "wx99345514667d9c5f",
	"projectname": "ddbwxapp",
	"condition": {
		"search": {
			"current": -1,
			"list": []
		},
		"conversation": {
			"current": -1,
			"list": []
		},
		"plugin": {
			"current": -1,
			"list": []
		},
		"game": {
			"currentL": -1,
			"list": []
		},
		"miniprogram": {
			"current": -1,
			"list": [
				{
					"id": 0,
					"name": "trade",
					"pathName": "pages/trade/main",
					"query": "tradeId=td10"
				},
				{
					"id": -1,
					"name": "checkout",
					"pathName": "pages/checkout/main",
					"query": ""
				},
				{
					"id": 2,
					"name": "shop",
					"pathName": "pages/shop/main",
					"query": "address=地址"
				}
			]
		}
	}
}